{
  "images" : [
    {
      "filename" : "270-2701827_mexican-troll-face-png-troll-face-transparent-background.jpg",
      "idiom" : "universal",
      "scale" : "1x"
    },
    {
      "filename" : "270-2701827_mexican-troll-face-png-troll-face-transparent-background-2.jpg",
      "idiom" : "universal",
      "scale" : "2x"
    },
    {
      "filename" : "270-2701827_mexican-troll-face-png-troll-face-transparent-background-1.jpg",
      "idiom" : "universal",
      "scale" : "3x"
    }
  ],
  "info" : {
    "author" : "xcode",
    "version" : 1
  }
}
